<?xml version="1.0" encoding="UTF-8"?><?xml-stylesheet type='text/xsl' href='_UpgradeReport_Files/UpgradeReport.xslt'?><UpgradeLog>
<Properties><Property Name="Solution" Value="ImageSearchDLL">
</Property><Property Name="Solution File" Value="C:\Users\erk\Documents\Visual Studio 2010\Projects\ImageSearchDLL\ImageSearchDLL.sln">
</Property><Property Name="Date" Value="Wednesday, June 13, 2012">
</Property><Property Name="Time" Value="21:03 PM">
</Property></Properties><Event ErrorLevel="0" Project="" Source="ImageSearchDLL.sln" Description="File successfully backed up as C:\Users\erk\Documents\Visual Studio 2010\Projects\ImageSearchDLL\ImageSearchDLL.sln.old">
</Event><Event ErrorLevel="0" Project="ImageSearchDLL" Source="ImageSearchDLL\ImageSearchDLL.vcproj" Description="Converting project file 'C:\Users\erk\Documents\Visual Studio 2010\Projects\ImageSearchDLL\ImageSearchDLL\ImageSearchDLL.vcproj'.">
</Event><Event ErrorLevel="1" Project="ImageSearchDLL" Source="ImageSearchDLL\ImageSearchDLL.vcproj" Description="This application has been updated to include settings related to the User Account Control (UAC) feature of Windows Vista. By default, when run on Windows Vista with UAC enabled, this application is marked to run with the same privileges as the process that launched it. This marking also disables the application from running with virtualization. You can change UAC related settings from the Property Pages of the project.">
</Event><Event ErrorLevel="1" Project="ImageSearchDLL" Source="ImageSearchDLL\ImageSearchDLL.vcproj" Description="VCWebServiceProxyGeneratorTool is no longer supported. The tool has been removed from your project settings.">
</Event><Event ErrorLevel="1" Project="ImageSearchDLL" Source="ImageSearchDLL\ImageSearchDLL.vcproj" Description="Attribute 'Detect64BitPortabilityProblems' of 'VCCLCompilerTool' is not supported in this version and has been removed during conversion.">
</Event><Event ErrorLevel="0" Project="ImageSearchDLL" Source="ImageSearchDLL\ImageSearchDLL.vcproj" Description="Web deployment to the local IIS server is no longer supported. The Web Deployment build tool has been removed from your project settings.">
</Event><Event ErrorLevel="1" Project="ImageSearchDLL" Source="ImageSearchDLL\ImageSearchDLL.vcproj" Description="Attribute 'Detect64BitPortabilityProblems' of 'VCCLCompilerTool' is not supported in this version and has been removed during conversion.">
</Event><Event ErrorLevel="0" Project="ImageSearchDLL" Source="ImageSearchDLL\ImageSearchDLL.vcproj" Description="Done converting to new project file 'C:\Users\erk\Documents\Visual Studio 2010\Projects\ImageSearchDLL\ImageSearchDLL\ImageSearchDLL.vcxproj'.">
</Event><Event ErrorLevel="3" Project="ImageSearchDLL" Source="ImageSearchDLL\ImageSearchDLL.vcproj" Description="Converted">
</Event><Event ErrorLevel="0" Project="" Source="ImageSearchDLL.sln" Description="Solution converted successfully">
</Event><Event ErrorLevel="3" Project="" Source="ImageSearchDLL.sln" Description="Converted">
</Event></UpgradeLog>